{"cameraMode":{"drawMode":0,"name":"Shaded","section":"Shading Mode"},"sceneLighting":true,"audioPlay":false,"sceneViewState":{"m_AlwaysRefresh":false,"showFog":true,"showSkybox":true,"showFlares":true,"showImageEffects":true,"showParticleSystems":true,"showVisualEffectGraphs":true,"m_FxEnabled":true},"in2DMode":false,"pivot":{"x":180.41184997558595,"y":361.088134765625,"z":-26.950267791748048},"rotation":{"x":0.013174418359994889,"y":0.048572931438684466,"z":0.0006406294414773583,"w":-0.9987308979034424},"size":438.4421691894531,"orthographic":false}